cosmossdk.io/api/cosmos/app/v1alpha1,https://github.com/cosmos/cosmos-sdk/blob/api/v0.2.6/api/LICENSE,Apache-2.0
cosmossdk.io/core,https://github.com/cosmos/cosmos-sdk/blob/core/v0.5.1/core/LICENSE,Apache-2.0
cosmossdk.io/depinject,https://github.com/cosmos/cosmos-sdk/blob/depinject/v1.0.0-alpha.3/depinject/LICENSE,Apache-2.0
filippo.io/edwards25519,https://github.com/FiloSottile/edwards25519/blob/v1.0.0-rc.1/LICENSE,BSD-3-Clause
github.com/99designs/keyring,https://github.com/99designs/keyring/blob/v1.2.1/LICENSE,MIT
github.com/ChainSafe/go-schnorrkel,https://github.com/ChainSafe/go-schnorrkel/blob/88cbf1b4c40d/LICENSE,Apache-2.0
github.com/Workiva/go-datastructures/queue,https://github.com/Workiva/go-datastructures/blob/v1.0.53/LICENSE,Apache-2.0
github.com/adrg/xdg,https://github.com/adrg/xdg/blob/v0.4.0/LICENSE,MIT
github.com/armon/go-metrics,https://github.com/armon/go-metrics/blob/v0.4.1/LICENSE,MIT
github.com/avast/retry-go/v4,https://github.com/avast/retry-go/blob/v4.5.1/LICENSE,MIT
github.com/beorn7/perks/quantile,https://github.com/beorn7/perks/blob/v1.0.1/LICENSE,MIT
github.com/bgentry/speakeasy,https://github.com/bgentry/speakeasy/blob/760eaf8b6816/LICENSE,MIT
github.com/btcsuite/btcd/btcec/v2,https://github.com/btcsuite/btcd/blob/btcec/v2.3.2/btcec/LICENSE,ISC
github.com/cespare/xxhash/v2,https://github.com/cespare/xxhash/blob/v2.2.0/LICENSE.txt,MIT
github.com/coinbase/rosetta-sdk-go,https://github.com/coinbase/rosetta-sdk-go/blob/v0.7.9/LICENSE.txt,Apache-2.0
github.com/cometbft/cometbft-db,https://github.com/cometbft/cometbft-db/blob/v0.7.0/LICENSE,Apache-2.0
github.com/confio/ics23/go,https://github.com/confio/ics23/blob/go/v0.9.0/go/LICENSE,Apache-2.0
github.com/cosmos/btcutil/bech32,https://github.com/cosmos/btcutil/blob/v1.0.4/LICENSE,ISC
github.com/cosmos/cosmos-db,https://github.com/cosmos/cosmos-db/blob/f3c38ecb5e32/LICENSE,Apache-2.0
github.com/cosmos/cosmos-proto/runtime,https://github.com/cosmos/cosmos-proto/blob/v1.0.0-beta.2/LICENSE,Apache-2.0
github.com/cosmos/cosmos-sdk,https://github.com/cosmos/cosmos-sdk/blob/v0.45.16/LICENSE,Apache-2.0
github.com/cosmos/go-bip39,https://github.com/cosmos/go-bip39/blob/v1.0.0/LICENSE,MIT
github.com/cosmos/iavl,https://github.com/cosmos/iavl/blob/v0.19.5/LICENSE,Apache-2.0
github.com/creachadair/taskgroup,https://github.com/creachadair/taskgroup/blob/v0.3.2/LICENSE,BSD-3-Clause
github.com/davecgh/go-spew/spew,https://github.com/davecgh/go-spew/blob/d8f796af33cc/LICENSE,ISC
github.com/decred/dcrd/dcrec/secp256k1/v4,https://github.com/decred/dcrd/blob/dcrec/secp256k1/v4.0.1/dcrec/secp256k1/LICENSE,ISC
github.com/desertbit/timer,https://github.com/desertbit/timer/blob/c41aec40b27f/LICENSE,MIT
github.com/dgryski/go-metro,https://github.com/dgryski/go-metro/blob/adc40b04c140/LICENSE,MIT
github.com/dvsekhvalnov/jose2go,https://github.com/dvsekhvalnov/jose2go/blob/v1.6.0/LICENSE,MIT
github.com/felixge/httpsnoop,https://github.com/felixge/httpsnoop/blob/v1.0.1/LICENSE.txt,MIT
github.com/fsnotify/fsnotify,https://github.com/fsnotify/fsnotify/blob/v1.7.0/LICENSE,BSD-3-Clause
github.com/gabriel-vasile/mimetype,https://github.com/gabriel-vasile/mimetype/blob/v1.4.3/LICENSE,MIT
github.com/gin-contrib/cors,https://github.com/gin-contrib/cors/blob/v1.5.0/LICENSE,MIT
github.com/gin-contrib/sse,https://github.com/gin-contrib/sse/blob/v0.1.0/LICENSE,MIT
github.com/gin-gonic/gin,https://github.com/gin-gonic/gin/blob/v1.9.1/LICENSE,MIT
github.com/go-kit/kit/metrics,https://github.com/go-kit/kit/blob/v0.12.0/LICENSE,MIT
github.com/go-kit/log,https://github.com/go-kit/log/blob/v0.2.1/LICENSE,MIT
github.com/go-kit/log/term,https://github.com/go-kit/log/blob/v0.2.1/term/LICENSE,MIT
github.com/go-logfmt/logfmt,https://github.com/go-logfmt/logfmt/blob/v0.5.1/LICENSE,MIT
github.com/go-playground/locales,https://github.com/go-playground/locales/blob/v0.14.1/LICENSE,MIT
github.com/go-playground/universal-translator,https://github.com/go-playground/universal-translator/blob/v0.18.1/LICENSE,MIT
github.com/go-playground/validator/v10,https://github.com/go-playground/validator/blob/v10.16.0/LICENSE,MIT
github.com/godbus/dbus,https://github.com/godbus/dbus/blob/4481cbc300e2/LICENSE,BSD-2-Clause
github.com/gogo/gateway,https://github.com/gogo/gateway/blob/v1.1.0/LICENSE,BSD-3-Clause
github.com/gogo/protobuf,https://github.com/regen-network/protobuf/blob/v1.3.3-alpha.regen.1/LICENSE,BSD-3-Clause
github.com/golang/protobuf,https://github.com/golang/protobuf/blob/v1.5.3/LICENSE,BSD-3-Clause
github.com/golang/snappy,https://github.com/golang/snappy/blob/v0.0.4/LICENSE,BSD-3-Clause
github.com/google/btree,https://github.com/google/btree/blob/v1.1.2/LICENSE,Apache-2.0
github.com/google/orderedcode,https://github.com/google/orderedcode/blob/v0.0.1/LICENSE,Apache-2.0
github.com/gorilla/handlers,https://github.com/gorilla/handlers/blob/v1.5.1/LICENSE,BSD-2-Clause
github.com/gorilla/mux,https://github.com/gorilla/mux/blob/v1.8.0/LICENSE,BSD-3-Clause
github.com/gorilla/websocket,https://github.com/gorilla/websocket/blob/v1.5.1/LICENSE,BSD-3-Clause
github.com/grpc-ecosystem/go-grpc-middleware,https://github.com/grpc-ecosystem/go-grpc-middleware/blob/v1.3.0/LICENSE,Apache-2.0
github.com/grpc-ecosystem/grpc-gateway,https://github.com/grpc-ecosystem/grpc-gateway/blob/v1.16.0/LICENSE.txt,BSD-3-Clause
github.com/gsterjov/go-libsecret,https://github.com/gsterjov/go-libsecret/blob/a6f4afe4910c/LICENSE,MIT
github.com/gtank/merlin,https://github.com/gtank/merlin/blob/v0.1.1/LICENSE,BSD-3-Clause
github.com/gtank/ristretto255,https://github.com/gtank/ristretto255/blob/v0.1.2/LICENSE,BSD-3-Clause
github.com/hashicorp/go-immutable-radix,https://github.com/hashicorp/go-immutable-radix/blob/v1.3.1/LICENSE,MPL-2.0
github.com/hashicorp/golang-lru,https://github.com/hashicorp/golang-lru/blob/80c98217689d/LICENSE,MPL-2.0
github.com/hashicorp/hcl,https://github.com/hashicorp/hcl/blob/v1.0.0/LICENSE,MPL-2.0
github.com/hdevalence/ed25519consensus,https://github.com/hdevalence/ed25519consensus/blob/c00d1f31bab3/LICENSE,BSD-3-Clause
github.com/improbable-eng/grpc-web/go/grpcweb,https://github.com/improbable-eng/grpc-web/blob/v0.14.1/LICENSE.txt,Apache-2.0
github.com/jinzhu/inflection,https://github.com/jinzhu/inflection/blob/v1.0.0/LICENSE,MIT
github.com/jinzhu/now,https://github.com/jinzhu/now/blob/v1.1.5/License,MIT
github.com/klauspost/compress/flate,https://github.com/klauspost/compress/blob/v1.17.0/LICENSE,Apache-2.0
github.com/leodido/go-urn,https://github.com/leodido/go-urn/blob/v1.2.4/LICENSE,MIT
github.com/lib/pq,https://github.com/lib/pq/blob/v1.10.6/LICENSE.md,MIT
github.com/libp2p/go-buffer-pool,https://github.com/libp2p/go-buffer-pool/blob/v0.1.0/LICENSE,MIT
github.com/magiconair/properties,https://github.com/magiconair/properties/blob/v1.8.7/LICENSE.md,BSD-2-Clause
github.com/mattn/go-colorable,https://github.com/mattn/go-colorable/blob/v0.1.13/LICENSE,MIT
github.com/mattn/go-isatty,https://github.com/mattn/go-isatty/blob/v0.0.20/LICENSE,MIT
github.com/mattn/go-sqlite3,https://github.com/mattn/go-sqlite3/blob/v1.14.19/LICENSE,MIT
github.com/matttproud/golang_protobuf_extensions/pbutil,https://github.com/matttproud/golang_protobuf_extensions/blob/v1.0.4/LICENSE,Apache-2.0
github.com/mimoo/StrobeGo/strobe,https://github.com/mimoo/StrobeGo/blob/122bf33a46e0/LICENSE,Apache-2.0
github.com/minio/highwayhash,https://github.com/minio/highwayhash/blob/v1.0.2/LICENSE,Apache-2.0
github.com/mitchellh/mapstructure,https://github.com/mitchellh/mapstructure/blob/v1.5.0/LICENSE,MIT
github.com/mtibben/percent,https://github.com/mtibben/percent/blob/v0.2.1/LICENSE,MIT
github.com/pelletier/go-toml/v2,https://github.com/pelletier/go-toml/blob/v2.1.1/LICENSE,MIT
github.com/pires/go-proxyproto,https://github.com/pires/go-proxyproto/blob/v0.7.0/LICENSE,Apache-2.0
github.com/pkg/errors,https://github.com/pkg/errors/blob/v0.9.1/LICENSE,BSD-2-Clause
github.com/pmezard/go-difflib/difflib,https://github.com/pmezard/go-difflib/blob/5d4384ee4fb2/LICENSE,BSD-3-Clause
github.com/prometheus/client_golang/prometheus,https://github.com/prometheus/client_golang/blob/v1.16.0/LICENSE,Apache-2.0
github.com/prometheus/client_model/go,https://github.com/prometheus/client_model/blob/v0.3.0/LICENSE,Apache-2.0
github.com/prometheus/common,https://github.com/prometheus/common/blob/v0.42.0/LICENSE,Apache-2.0
github.com/prometheus/common/internal/bitbucket.org/ww/goautoneg,https://github.com/prometheus/common/blob/v0.42.0/internal/bitbucket.org/ww/goautoneg/README.txt,BSD-3-Clause
github.com/prometheus/procfs,https://github.com/prometheus/procfs/blob/v0.10.1/LICENSE,Apache-2.0
github.com/rakyll/statik/fs,https://github.com/rakyll/statik/blob/v0.1.7/LICENSE,Apache-2.0
github.com/rcrowley/go-metrics,https://github.com/rcrowley/go-metrics/blob/cf1acfcdf475/LICENSE,BSD-2-Clause-FreeBSD
github.com/regen-network/cosmos-proto,Unknown,Unknown
github.com/riobard/go-bloom,https://github.com/riobard/go-bloom/blob/cdc8013cb5b3/LICENSE,Apache-2.0
github.com/rs/cors,https://github.com/rs/cors/blob/v1.8.2/LICENSE,MIT
github.com/rs/zerolog,https://github.com/rs/zerolog/blob/v1.31.0/LICENSE,MIT
github.com/sagikazarmark/slog-shim,https://github.com/sagikazarmark/slog-shim/blob/v0.1.0/LICENSE,BSD-3-Clause
github.com/seiflotfy/cuckoofilter,https://github.com/seiflotfy/cuckoofilter/blob/e3b120b3f5fb/LICENSE,MIT
github.com/sentinel-official/hub,https://github.com/sentinel-official/hub/blob/v0.11.3/LICENSE,Apache-2.0
github.com/showwin/speedtest-go/speedtest,https://github.com/showwin/speedtest-go/blob/v1.6.10/LICENSE,MIT
github.com/soheilhy/cmux,https://github.com/soheilhy/cmux/blob/v0.1.5/LICENSE,Apache-2.0
github.com/spf13/afero,https://github.com/spf13/afero/blob/v1.11.0/LICENSE.txt,Apache-2.0
github.com/spf13/cast,https://github.com/spf13/cast/blob/v1.6.0/LICENSE,MIT
github.com/spf13/cobra,https://github.com/spf13/cobra/blob/v1.8.0/LICENSE.txt,Apache-2.0
github.com/spf13/pflag,https://github.com/spf13/pflag/blob/v1.0.5/LICENSE,BSD-3-Clause
github.com/spf13/viper,https://github.com/spf13/viper/blob/v1.18.2/LICENSE,MIT
github.com/stretchr/testify,https://github.com/stretchr/testify/blob/v1.8.4/LICENSE,MIT
github.com/subosito/gotenv,https://github.com/subosito/gotenv/blob/v1.6.0/LICENSE,MIT
github.com/syndtr/goleveldb/leveldb,https://github.com/syndtr/goleveldb/blob/2ae1ddf74ef7/LICENSE,BSD-2-Clause
github.com/tendermint/go-amino,https://github.com/tendermint/go-amino/blob/v0.16.0/LICENSE,Apache-2.0
github.com/tendermint/tendermint,https://github.com/cometbft/cometbft/blob/v0.34.27/LICENSE,Apache-2.0
github.com/tendermint/tm-db,https://github.com/tendermint/tm-db/blob/v0.6.7/LICENSE,Apache-2.0
github.com/tidwall/btree,https://github.com/tidwall/btree/blob/v1.5.0/LICENSE,MIT
github.com/ugorji/go/codec,https://github.com/ugorji/go/blob/codec/v1.2.12/codec/LICENSE,MIT
github.com/v2fly/ss-bloomring,https://github.com/v2fly/ss-bloomring/blob/28617310f63e/LICENSE,Apache-2.0
github.com/v2fly/v2ray-core/v5,https://github.com/v2fly/v2ray-core/blob/v5.13.0/LICENSE,MIT
golang.org/x/crypto,https://cs.opensource.google/go/x/crypto/+/v0.18.0:LICENSE,BSD-3-Clause
golang.org/x/exp,https://cs.opensource.google/go/x/exp/+/aacd6d4b:LICENSE,BSD-3-Clause
golang.org/x/net,https://cs.opensource.google/go/x/net/+/v0.19.0:LICENSE,BSD-3-Clause
golang.org/x/sys,https://cs.opensource.google/go/x/sys/+/v0.16.0:LICENSE,BSD-3-Clause
golang.org/x/term,https://cs.opensource.google/go/x/term/+/v0.16.0:LICENSE,BSD-3-Clause
golang.org/x/text,https://cs.opensource.google/go/x/text/+/v0.14.0:LICENSE,BSD-3-Clause
google.golang.org/genproto/googleapis/api,https://github.com/googleapis/go-genproto/blob/83a465c0220f/googleapis/api/LICENSE,Apache-2.0
google.golang.org/genproto/googleapis/rpc/status,https://github.com/googleapis/go-genproto/blob/995d672761c0/googleapis/rpc/LICENSE,Apache-2.0
google.golang.org/genproto/protobuf/field_mask,https://github.com/googleapis/go-genproto/blob/989df2bf70f3/LICENSE,Apache-2.0
google.golang.org/grpc,https://github.com/grpc/grpc-go/blob/v1.61.0/LICENSE,Apache-2.0
google.golang.org/protobuf,https://github.com/protocolbuffers/protobuf-go/blob/v1.32.0/LICENSE,BSD-3-Clause
gopkg.in/ini.v1,https://github.com/go-ini/ini/blob/v1.67.0/LICENSE,Apache-2.0
gopkg.in/yaml.v2,https://github.com/go-yaml/yaml/blob/v2.4.0/LICENSE,Apache-2.0
gopkg.in/yaml.v3,https://github.com/go-yaml/yaml/blob/v3.0.1/LICENSE,MIT
gorm.io/driver/sqlite,https://github.com/go-gorm/sqlite/blob/v1.5.4/License,MIT
gorm.io/gorm,https://github.com/go-gorm/gorm/blob/v1.25.5/LICENSE,MIT
nhooyr.io/websocket,Unknown,MIT
